{
  "comparisons": [
    {
      "corrected_top_k_count": 10,
      "entered_after_correction": [
        "8a601459eae7fff",
        "8a60145a24f7fff",
        "8a60145a26b7fff",
        "8a60145a3097fff",
        "8a60145a354ffff",
        "8a60145b3d27fff",
        "8a60145b6a67fff",
        "8a6189209627fff"
      ],
      "jaccard_similarity": 0.1111111111111111,
      "overlap_count": 2,
      "overlap_percentage": 20.0,
      "raw_top_k_count": 10,
      "removed_after_correction": [
        "8a60145b3057fff",
        "8a60145b5517fff",
        "8a60145b5537fff",
        "8a60145b5987fff",
        "8a60145b59a7fff",
        "8a60145b5ca7fff",
        "8a61892e916ffff",
        "8a61892e9357fff"
      ],
      "top_k": 10,
      "turnover_count": 8,
      "turnover_percentage": 80.0
    },
    {
      "corrected_top_k_count": 25,
      "entered_after_correction": [
        "8a6014586d37fff",
        "8a601459eae7fff",
        "8a60145a221ffff",
        "8a60145a3097fff",
        "8a60145a354ffff",
        "8a60145b02c7fff",
        "8a60145b1b6ffff",
        "8a60145b3d27fff",
        "8a60145b4c8ffff",
        "8a60145b6a1ffff",
        "8a60145b6a67fff",
        "8a60145b6ae7fff",
        "8a6189209227fff",
        "8a6189209627fff",
        "8a6189219ccffff",
        "8a61892528d7fff",
        "8a618925a22ffff",
        "8a61892e906ffff",
        "8a61892e9a8ffff"
      ],
      "jaccard_similarity": 0.13636363636363635,
      "overlap_count": 6,
      "overlap_percentage": 24.0,
      "raw_top_k_count": 25,
      "removed_after_correction": [
        "8a60145a2687fff",
        "8a60145b3057fff",
        "8a60145b3a47fff",
        "8a60145b426ffff",
        "8a60145b5517fff",
        "8a60145b551ffff",
        "8a60145b5527fff",
        "8a60145b5537fff",
        "8a60145b5987fff",
        "8a60145b59a7fff",
        "8a60145b59b7fff",
        "8a60145b5c77fff",
        "8a601690192ffff",
        "8a61892e2ba7fff",
        "8a61892e9147fff",
        "8a61892e916ffff",
        "8a61892e9357fff",
        "8a61892e9a87fff",
        "8a61892e9ab7fff"
      ],
      "top_k": 25,
      "turnover_count": 19,
      "turnover_percentage": 76.0
    },
    {
      "corrected_top_k_count": 50,
      "entered_after_correction": [
        "8a6014586d37fff",
        "8a6014593b2ffff",
        "8a601459eae7fff",
        "8a60145a3097fff",
        "8a60145a346ffff",
        "8a60145a354ffff",
        "8a60145b02c7fff",
        "8a60145b151ffff",
        "8a60145b1a67fff",
        "8a60145b1b6ffff",
        "8a60145b3d27fff",
        "8a60145b6a0ffff",
        "8a60145b6a1ffff",
        "8a60145b6a2ffff",
        "8a60145b6ae7fff",
        "8a6189209227fff",
        "8a6189219ccffff",
        "8a618924cc8ffff",
        "8a618925122ffff",
        "8a61892528d7fff",
        "8a6189259167fff",
        "8a618925a227fff",
        "8a618925a22ffff",
        "8a618926395ffff",
        "8a61892cb837fff",
        "8a61892e9067fff",
        "8a61892e906ffff",
        "8a61892ebc47fff"
      ],
      "jaccard_similarity": 0.28205128205128205,
      "overlap_count": 22,
      "overlap_percentage": 44.0,
      "raw_top_k_count": 50,
      "removed_after_correction": [
        "8a60145b2a47fff",
        "8a60145b30dffff",
        "8a60145b3a47fff",
        "8a60145b3a6ffff",
        "8a60145b424ffff",
        "8a60145b4257fff",
        "8a60145b425ffff",
        "8a60145b4267fff",
        "8a60145b426ffff",
        "8a60145b5407fff",
        "8a60145b5507fff",
        "8a60145b551ffff",
        "8a60145b5527fff",
        "8a60145b59a7fff",
        "8a60145b59b7fff",
        "8a60145b5c77fff",
        "8a601690192ffff",
        "8a618925b78ffff",
        "8a61892e16b7fff",
        "8a61892e2ba7fff",
        "8a61892e2baffff",
        "8a61892e9147fff",
        "8a61892e916ffff",
        "8a61892e9a1ffff",
        "8a61892e9a87fff",
        "8a61892e9aaffff",
        "8a61892e9ab7fff",
        "8a61892e9b9ffff"
      ],
      "top_k": 50,
      "turnover_count": 28,
      "turnover_percentage": 56.00000000000001
    },
    {
      "corrected_top_k_count": 100,
      "entered_after_correction": [
        "8a6014580817fff",
        "8a6014581cd7fff",
        "8a6014586c6ffff",
        "8a6014586d37fff",
        "8a6014593b2ffff",
        "8a601459eae7fff",
        "8a60145a0aeffff",
        "8a60145a26a7fff",
        "8a60145a3097fff",
        "8a60145a346ffff",
        "8a60145a354ffff",
        "8a60145a420ffff",
        "8a60145b02c7fff",
        "8a60145b151ffff",
        "8a60145b1a67fff",
        "8a60145b30e7fff",
        "8a60145b3b57fff",
        "8a60145b4caffff",
        "8a60145b561ffff",
        "8a60145b6a1ffff",
        "8a60145b6a2ffff",
        "8a60145b6ae7fff",
        "8a60169644c7fff",
        "8a60169644d7fff",
        "8a6189209047fff",
        "8a6189209097fff",
        "8a61892092f7fff",
        "8a618920a38ffff",
        "8a618920ba07fff",
        "8a6189218a0ffff",
        "8a6189219cc7fff",
        "8a6189219ccffff",
        "8a61892420e7fff",
        "8a61892421affff",
        "8a618924cc8ffff",
        "8a6189251227fff",
        "8a618925122ffff",
        "8a6189252287fff",
        "8a61892528d7fff",
        "8a6189259167fff",
        "8a618925955ffff",
        "8a618925964ffff",
        "8a6189259b97fff",
        "8a618925a227fff",
        "8a618925a22ffff",
        "8a618925a247fff",
        "8a618925a44ffff",
        "8a618925d94ffff",
        "8a618925d95ffff",
        "8a6189263957fff",
        "8a6189266a9ffff",
        "8a6189273877fff",
        "8a61892cb837fff",
        "8a61892e3847fff",
        "8a61892e9067fff",
        "8a61892e906ffff",
        "8a61892e909ffff",
        "8a61892ebc47fff",
        "8a61892eec87fff"
      ],
      "jaccard_similarity": 0.2578616352201258,
      "overlap_count": 41,
      "overlap_percentage": 41.0,
      "raw_top_k_count": 100,
      "removed_after_correction": [
        "8a60145a2b57fff",
        "8a60145a699ffff",
        "8a60145a6d4ffff",
        "8a60145b071ffff",
        "8a60145b1697fff",
        "8a60145b169ffff",
        "8a60145b192ffff",
        "8a60145b2a67fff",
        "8a60145b30c7fff",
        "8a60145b30dffff",
        "8a60145b3207fff",
        "8a60145b372ffff",
        "8a60145b3767fff",
        "8a60145b376ffff",
        "8a60145b3777fff",
        "8a60145b3a57fff",
        "8a60145b420ffff",
        "8a60145b4247fff",
        "8a60145b424ffff",
        "8a60145b4257fff",
        "8a60145b425ffff",
        "8a60145b4267fff",
        "8a60145b4277fff",
        "8a60145b5407fff",
        "8a60145b5427fff",
        "8a60145b5437fff",
        "8a60145b54a7fff",
        "8a60145b5507fff",
        "8a60145b551ffff",
        "8a60145b552ffff",
        "8a60145b558ffff",
        "8a60145b5897fff",
        "8a60145b598ffff",
        "8a60145b59b7fff",
        "8a60145b5c87fff",
        "8a60145b5caffff",
        "8a601690191ffff",
        "8a601690192ffff",
        "8a60169052dffff",
        "8a601690c2b7fff",
        "8a618920b0c7fff",
        "8a6189254527fff",
        "8a618925b28ffff",
        "8a618925b6effff",
        "8a61892cb4cffff",
        "8a61892e16b7fff",
        "8a61892e2ba7fff",
        "8a61892e2baffff",
        "8a61892e3d07fff",
        "8a61892e9147fff",
        "8a61892e916ffff",
        "8a61892e9177fff",
        "8a61892e94c7fff",
        "8a61892e9a87fff",
        "8a61892e9a9ffff",
        "8a61892e9aaffff",
        "8a61892e9ab7fff",
        "8a61892e9b97fff",
        "8a61892e9b9ffff"
      ],
      "top_k": 100,
      "turnover_count": 59,
      "turnover_percentage": 59.00000000000001
    }
  ],
  "spearman_raw_vs_corrected": 0.3179703768857363,
  "status": "PASS"
}
