{
  "bic_policy": "LLF-based BIC computed explicitly; statsmodels GLM deviance BIC is not used.",
  "conclusion": "INCONCLUSIVE",
  "estimated_alpha": 0.25985703733344223,
  "negative_binomial_aic": 24134.745154206932,
  "negative_binomial_bic_llf": 24164.263135655005,
  "negative_binomial_converged": true,
  "negative_binomial_deviance": 86132.16941124506,
  "negative_binomial_log_likelihood": -12062.372577103466,
  "negative_binomial_mae": 41.972859931765534,
  "negative_binomial_pearson_dispersion": 46.16448985125722,
  "negative_binomial_rmse": 139.4341130161761,
  "negative_binomial_spearman_rate": 0.29628060763475644,
  "offset_policy": "device_days used only through log(device_days) offset",
  "poisson_aic": 98628.52166669277,
  "poisson_bic_llf": 98652.13605185124,
  "poisson_converged": true,
  "poisson_deviance": 83876.93048456928,
  "poisson_log_likelihood": -49310.26083334639,
  "poisson_mae": 42.968343117012594,
  "poisson_pearson_dispersion": 42.18389024381901,
  "poisson_rmse": 136.79316949273002,
  "poisson_spearman_rate": 0.2716977095862228,
  "preferred_model": "INCONCLUSIVE",
  "status": "PASS",
  "variance_to_mean_ratio": 724.2325802895413
}
